liga_id,kraj_pl,kraj_iso,poziom,liga_nazwa_wyswietlana,nazwa_druzyny,kategoria,aktywna,uwagi
BG-SEN-1,Bułgaria,BG,1,efbet Liga - 1.liga,Ludogorets Razgrad,Seniorzy,TAK,Dane wg sezonu 2024/25
BG-SEN-1,Bułgaria,BG,1,efbet Liga - 1.liga,CSKA Sofia,Seniorzy,TAK,Dane wg sezonu 2024/25
BG-SEN-1,Bułgaria,BG,1,efbet Liga - 1.liga,Levski Sofia,Seniorzy,TAK,Dane wg sezonu 2024/25
BG-SEN-1,Bułgaria,BG,1,efbet Liga - 1.liga,Botev Plovdiv,Seniorzy,TAK,Dane wg sezonu 2024/25
BG-SEN-1,Bułgaria,BG,1,efbet Liga - 1.liga,Lokomotiv Plovdiv,Seniorzy,TAK,Dane wg sezonu 2024/25
BG-SEN-1,Bułgaria,BG,1,efbet Liga - 1.liga,Lokomotiv Sofia,Seniorzy,TAK,Dane wg sezonu 2024/25
BG-SEN-1,Bułgaria,BG,1,efbet Liga - 1.liga,Slavia Sofia,Seniorzy,TAK,Dane wg sezonu 2024/25
BG-SEN-1,Bułgaria,BG,1,efbet Liga - 1.liga,Beroe Stara Zagora,Seniorzy,TAK,Dane wg sezonu 2024/25
BG-SEN-1,Bułgaria,BG,1,efbet Liga - 1.liga,Pirin Blagoevgrad,Seniorzy,TAK,Dane wg sezonu 2024/25
BG-SEN-1,Bułgaria,BG,1,efbet Liga - 1.liga,Arda Kardzhali,Seniorzy,TAK,Dane wg sezonu 2024/25
BG-SEN-1,Bułgaria,BG,1,efbet Liga - 1.liga,Hebar Pazardzhik,Seniorzy,TAK,Dane wg sezonu 2024/25
BG-SEN-1,Bułgaria,BG,1,efbet Liga - 1.liga,Etar Veliko Tarnovo,Seniorzy,TAK,Dane wg sezonu 2024/25
BG-SEN-1,Bułgaria,BG,1,efbet Liga - 1.liga,Dunav Ruse,Seniorzy,TAK,Dane wg sezonu 2024/25
BG-SEN-1,Bułgaria,BG,1,efbet Liga - 1.liga,FC Montana,Seniorzy,TAK,Dane wg sezonu 2024/25
CY-SEN-1,Cypr,CY,1,1. Division - 1.liga,APOEL FC,Seniorzy,TAK,Dane wg sezonu 2024/25
CY-SEN-1,Cypr,CY,1,1. Division - 1.liga,Omonia Nicosia,Seniorzy,TAK,Dane wg sezonu 2024/25
CY-SEN-1,Cypr,CY,1,1. Division - 1.liga,Apollon Limassol,Seniorzy,TAK,Dane wg sezonu 2024/25
CY-SEN-1,Cypr,CY,1,1. Division - 1.liga,AEK Larnaca,Seniorzy,TAK,Dane wg sezonu 2024/25
CY-SEN-1,Cypr,CY,1,1. Division - 1.liga,Anorthosis Famagusta,Seniorzy,TAK,Dane wg sezonu 2024/25
CY-SEN-1,Cypr,CY,1,1. Division - 1.liga,AEL Limassol,Seniorzy,TAK,Dane wg sezonu 2024/25
CY-SEN-1,Cypr,CY,1,1. Division - 1.liga,Pafos FC,Seniorzy,TAK,Dane wg sezonu 2024/25
CY-SEN-1,Cypr,CY,1,1. Division - 1.liga,Nea Salamis Famagusta,Seniorzy,TAK,Dane wg sezonu 2024/25
CY-SEN-1,Cypr,CY,1,1. Division - 1.liga,Doxa Katokopia,Seniorzy,TAK,Dane wg sezonu 2024/25
CY-SEN-1,Cypr,CY,1,1. Division - 1.liga,Ethnikos Achna,Seniorzy,TAK,Dane wg sezonu 2024/25
CY-SEN-1,Cypr,CY,1,1. Division - 1.liga,Ermis Aradippou,Seniorzy,TAK,Dane wg sezonu 2024/25
CY-SEN-1,Cypr,CY,1,1. Division - 1.liga,Aris Limassol,Seniorzy,TAK,Dane wg sezonu 2024/25
CY-SEN-1,Cypr,CY,1,1. Division - 1.liga,Olympiakos Nicosia,Seniorzy,TAK,Dane wg sezonu 2024/25
CY-SEN-1,Cypr,CY,1,1. Division - 1.liga,Alki Larnaca,Seniorzy,TAK,Dane wg sezonu 2024/25
CZ-SEN-1,Czechy,CZ,1,Fortuna liga - 1.liga,AC Sparta Praha,Seniorzy,TAK,Dane wg sezonu 2024/25
CZ-SEN-1,Czechy,CZ,1,Fortuna liga - 1.liga,SK Slavia Praha,Seniorzy,TAK,Dane wg sezonu 2024/25
CZ-SEN-1,Czechy,CZ,1,Fortuna liga - 1.liga,FC Viktoria Plzeň,Seniorzy,TAK,Dane wg sezonu 2024/25
CZ-SEN-1,Czechy,CZ,1,Fortuna liga - 1.liga,FC Baník Ostrava,Seniorzy,TAK,Dane wg sezonu 2024/25
CZ-SEN-1,Czechy,CZ,1,Fortuna liga - 1.liga,FC Slovácko,Seniorzy,TAK,Dane wg sezonu 2024/25
CZ-SEN-1,Czechy,CZ,1,Fortuna liga - 1.liga,FK Mladá Boleslav,Seniorzy,TAK,Dane wg sezonu 2024/25
CZ-SEN-1,Czechy,CZ,1,Fortuna liga - 1.liga,FK Jablonec,Seniorzy,TAK,Dane wg sezonu 2024/25
CZ-SEN-1,Czechy,CZ,1,Fortuna liga - 1.liga,SK Sigma Olomouc,Seniorzy,TAK,Dane wg sezonu 2024/25
CZ-SEN-1,Czechy,CZ,1,Fortuna liga - 1.liga,Bohemians 1905,Seniorzy,TAK,Dane wg sezonu 2024/25
CZ-SEN-1,Czechy,CZ,1,Fortuna liga - 1.liga,FC Fastav Zlín,Seniorzy,TAK,Dane wg sezonu 2024/25
CZ-SEN-1,Czechy,CZ,1,Fortuna liga - 1.liga,FC Teplice,Seniorzy,TAK,Dane wg sezonu 2024/25
CZ-SEN-1,Czechy,CZ,1,Fortuna liga - 1.liga,FC Zbrojovka Brno,Seniorzy,TAK,Dane wg sezonu 2024/25
CZ-SEN-1,Czechy,CZ,1,Fortuna liga - 1.liga,FK Dukla Praha,Seniorzy,TAK,Dane wg sezonu 2024/25
CZ-SEN-1,Czechy,CZ,1,Fortuna liga - 1.liga,1. FK Příbram,Seniorzy,TAK,Dane wg sezonu 2024/25
CZ-SEN-1,Czechy,CZ,1,Fortuna liga - 1.liga,FC Hradec Králové,Seniorzy,TAK,Dane wg sezonu 2024/25
CZ-SEN-1,Czechy,CZ,1,Fortuna liga - 1.liga,SFC Opava,Seniorzy,TAK,Dane wg sezonu 2024/25
CZ-SEN-2,Czechy,CZ,2,Fortuna:Národní liga - 2.liga,FK Pardubice,Seniorzy,TAK,Dane wg sezonu 2024/25
CZ-SEN-2,Czechy,CZ,2,Fortuna:Národní liga - 2.liga,SK Dynamo České Budějovice,Seniorzy,TAK,Dane wg sezonu 2024/25
CZ-SEN-2,Czechy,CZ,2,Fortuna:Národní liga - 2.liga,FC MAS Táborsko,Seniorzy,TAK,Dane wg sezonu 2024/25
CZ-SEN-2,Czechy,CZ,2,Fortuna:Národní liga - 2.liga,1. SK Prostějov,Seniorzy,TAK,Dane wg sezonu 2024/25
CZ-SEN-2,Czechy,CZ,2,Fortuna:Národní liga - 2.liga,FC Sellier & Bellot Vlašim,Seniorzy,TAK,Dane wg sezonu 2024/25
CZ-SEN-2,Czechy,CZ,2,Fortuna:Národní liga - 2.liga,FK Vyšehrad,Seniorzy,TAK,Dane wg sezonu 2024/25
CZ-SEN-2,Czechy,CZ,2,Fortuna:Národní liga - 2.liga,SK Líšeň,Seniorzy,TAK,Dane wg sezonu 2024/25
CZ-SEN-2,Czechy,CZ,2,Fortuna:Národní liga - 2.liga,FC Vysočina Jihlava,Seniorzy,TAK,Dane wg sezonu 2024/25
CZ-SEN-2,Czechy,CZ,2,Fortuna:Národní liga - 2.liga,MFK Karviná,Seniorzy,TAK,Dane wg sezonu 2024/25
CZ-SEN-2,Czechy,CZ,2,Fortuna:Národní liga - 2.liga,FK Varnsdorf,Seniorzy,TAK,Dane wg sezonu 2024/25
CZ-SEN-2,Czechy,CZ,2,Fortuna:Národní liga - 2.liga,FK Fotbal Třinec,Seniorzy,TAK,Dane wg sezonu 2024/25
CZ-SEN-2,Czechy,CZ,2,Fortuna:Národní liga - 2.liga,MFK Frýdek-Místek,Seniorzy,TAK,Dane wg sezonu 2024/25
CZ-SEN-2,Czechy,CZ,2,Fortuna:Národní liga - 2.liga,TJ Sokol Živanice,Seniorzy,TAK,Dane wg sezonu 2024/25
CZ-SEN-2,Czechy,CZ,2,Fortuna:Národní liga - 2.liga,FC Zbrojovka Brno B,Seniorzy,TAK,Dane wg sezonu 2024/25
CZ-SEN-2,Czechy,CZ,2,Fortuna:Národní liga - 2.liga,FK Ústí nad Labem,Seniorzy,TAK,Dane wg sezonu 2024/25
CZ-SEN-2,Czechy,CZ,2,Fortuna:Národní liga - 2.liga,1. HFK Olomouc,Seniorzy,TAK,Dane wg sezonu 2024/25
DK-SEN-2,Dania,DK,2,1. Division - 2.liga,FC Fredericia,Seniorzy,TAK,Dane wg sezonu 2024/25
DK-SEN-2,Dania,DK,2,1. Division - 2.liga,Vejle Boldklub,Seniorzy,TAK,Dane wg sezonu 2024/25
DK-SEN-2,Dania,DK,2,1. Division - 2.liga,AC Horsens,Seniorzy,TAK,Dane wg sezonu 2024/25
DK-SEN-2,Dania,DK,2,1. Division - 2.liga,Skive IK,Seniorzy,TAK,Dane wg sezonu 2024/25
DK-SEN-2,Dania,DK,2,1. Division - 2.liga,FC Helsingør,Seniorzy,TAK,Dane wg sezonu 2024/25
DK-SEN-2,Dania,DK,2,1. Division - 2.liga,FC Roskilde,Seniorzy,TAK,Dane wg sezonu 2024/25
DK-SEN-2,Dania,DK,2,1. Division - 2.liga,Fremad Amager,Seniorzy,TAK,Dane wg sezonu 2024/25
DK-SEN-2,Dania,DK,2,1. Division - 2.liga,HB Køge,Seniorzy,TAK,Dane wg sezonu 2024/25
DK-SEN-2,Dania,DK,2,1. Division - 2.liga,Næstved BK,Seniorzy,TAK,Dane wg sezonu 2024/25
DK-SEN-2,Dania,DK,2,1. Division - 2.liga,Nykøbing FC,Seniorzy,TAK,Dane wg sezonu 2024/25
DK-SEN-2,Dania,DK,2,1. Division - 2.liga,Thisted FC,Seniorzy,TAK,Dane wg sezonu 2024/25
DK-SEN-2,Dania,DK,2,1. Division - 2.liga,Kolding IF,Seniorzy,TAK,Dane wg sezonu 2024/25
DK-SEN-2,Dania,DK,2,1. Division - 2.liga,Hillerød Fodbold,Seniorzy,TAK,Dane wg sezonu 2024/25
DK-SEN-2,Dania,DK,2,1. Division - 2.liga,Holbæk B&I,Seniorzy,TAK,Dane wg sezonu 2024/25
EE-SEN-1,Estonia,EE,1,Meistriliiga - 1.liga,FCI Levadia Tallinn,Seniorzy,TAK,Dane wg sezonu 2024/25
EE-SEN-1,Estonia,EE,1,Meistriliiga - 1.liga,FC Flora Tallinn,Seniorzy,TAK,Dane wg sezonu 2024/25
EE-SEN-1,Estonia,EE,1,Meistriliiga - 1.liga,Paide Linnameeskond,Seniorzy,TAK,Dane wg sezonu 2024/25
EE-SEN-1,Estonia,EE,1,Meistriliiga - 1.liga,FC Kalju,Seniorzy,TAK,Dane wg sezonu 2024/25
EE-SEN-1,Estonia,EE,1,Meistriliiga - 1.liga,Nõmme Kalju FC,Seniorzy,TAK,Dane wg sezonu 2024/25
EE-SEN-1,Estonia,EE,1,Meistriliiga - 1.liga,JK Tammeka Tartu,Seniorzy,TAK,Dane wg sezonu 2024/25
EE-SEN-1,Estonia,EE,1,Meistriliiga - 1.liga,FC Kuressaare,Seniorzy,TAK,Dane wg sezonu 2024/25
EE-SEN-1,Estonia,EE,1,Meistriliiga - 1.liga,FC Narva Trans,Seniorzy,TAK,Dane wg sezonu 2024/25
EE-SEN-1,Estonia,EE,1,Meistriliiga - 1.liga,JK Tallinna Kalev,Seniorzy,TAK,Dane wg sezonu 2024/25
EE-SEN-1,Estonia,EE,1,Meistriliiga - 1.liga,JK Nõmme United,Seniorzy,TAK,Dane wg sezonu 2024/25
FI-SEN-1,Finlandia,FI,1,Veikkausliiga - 1.liga,HJK Helsinki,Seniorzy,TAK,Dane wg sezonu 2024/25
FI-SEN-1,Finlandia,FI,1,Veikkausliiga - 1.liga,KuPS Kuopio,Seniorzy,TAK,Dane wg sezonu 2024/25
FI-SEN-1,Finlandia,FI,1,Veikkausliiga - 1.liga,FC Inter Turku,Seniorzy,TAK,Dane wg sezonu 2024/25
FI-SEN-1,Finlandia,FI,1,Veikkausliiga - 1.liga,Ilves Tampere,Seniorzy,TAK,Dane wg sezonu 2024/25
FI-SEN-1,Finlandia,FI,1,Veikkausliiga - 1.liga,AC Oulu,Seniorzy,TAK,Dane wg sezonu 2024/25
FI-SEN-1,Finlandia,FI,1,Veikkausliiga - 1.liga,FC Haka,Seniorzy,TAK,Dane wg sezonu 2024/25
FI-SEN-1,Finlandia,FI,1,Veikkausliiga - 1.liga,IFK Mariehamn,Seniorzy,TAK,Dane wg sezonu 2024/25
FI-SEN-1,Finlandia,FI,1,Veikkausliiga - 1.liga,SJK Seinäjoki,Seniorzy,TAK,Dane wg sezonu 2024/25
FI-SEN-1,Finlandia,FI,1,Veikkausliiga - 1.liga,FC Lahti,Seniorzy,TAK,Dane wg sezonu 2024/25
FI-SEN-1,Finlandia,FI,1,Veikkausliiga - 1.liga,Gnistan Helsinki,Seniorzy,TAK,Dane wg sezonu 2024/25
FI-SEN-1,Finlandia,FI,1,Veikkausliiga - 1.liga,VPS Vaasa,Seniorzy,TAK,Dane wg sezonu 2024/25
FI-SEN-1,Finlandia,FI,1,Veikkausliiga - 1.liga,FC Jazz Pori,Seniorzy,TAK,Dane wg sezonu 2024/25
FR-SEN-3,Francja,FR,3,National - 3.liga,Red Star FC,Seniorzy,TAK,Dane wg sezonu 2024/25
FR-SEN-3,Francja,FR,3,National - 3.liga,Stade Lavallois,Seniorzy,TAK,Dane wg sezonu 2024/25
FR-SEN-3,Francja,FR,3,National - 3.liga,SC Bastia,Seniorzy,TAK,Dane wg sezonu 2024/25
FR-SEN-3,Francja,FR,3,National - 3.liga,Pau FC,Seniorzy,TAK,Dane wg sezonu 2024/25
FR-SEN-3,Francja,FR,3,National - 3.liga,FC Martigues,Seniorzy,TAK,Dane wg sezonu 2024/25
FR-SEN-3,Francja,FR,3,National - 3.liga,US Concarneau,Seniorzy,TAK,Dane wg sezonu 2024/25
FR-SEN-3,Francja,FR,3,National - 3.liga,Avranches,Seniorzy,TAK,Dane wg sezonu 2024/25
FR-SEN-3,Francja,FR,3,National - 3.liga,Aubagne FC,Seniorzy,TAK,Dane wg sezonu 2024/25
FR-SEN-3,Francja,FR,3,National - 3.liga,Bergerac Périgord FC,Seniorzy,TAK,Dane wg sezonu 2024/25
FR-SEN-3,Francja,FR,3,National - 3.liga,GFA Rumilly Vallières,Seniorzy,TAK,Dane wg sezonu 2024/25
FR-SEN-3,Francja,FR,3,National - 3.liga,Évreux FC 27,Seniorzy,TAK,Dane wg sezonu 2024/25
FR-SEN-3,Francja,FR,3,National - 3.liga,AS Saint-Priest,Seniorzy,TAK,Dane wg sezonu 2024/25
FR-SEN-3,Francja,FR,3,National - 3.liga,FC Béziers,Seniorzy,TAK,Dane wg sezonu 2024/25
FR-SEN-3,Francja,FR,3,National - 3.liga,Orléans,Seniorzy,TAK,Dane wg sezonu 2024/25
FR-SEN-3,Francja,FR,3,National - 3.liga,Dunkerque,Seniorzy,TAK,Dane wg sezonu 2024/25
FR-SEN-3,Francja,FR,3,National - 3.liga,Stade Bordelais,Seniorzy,TAK,Dane wg sezonu 2024/25
FR-SEN-3,Francja,FR,3,National - 3.liga,FC Villefranche-Beaujolais,Seniorzy,TAK,Dane wg sezonu 2024/25
FR-SEN-3,Francja,FR,3,National - 3.liga,US Créteil-Lusitanos,Seniorzy,TAK,Dane wg sezonu 2024/25
GE-SEN-1,Gruzja,GE,1,Erovnuli Liga - 1.liga,FC Dinamo Tbilisi,Seniorzy,TAK,Dane wg sezonu 2024/25
GE-SEN-1,Gruzja,GE,1,Erovnuli Liga - 1.liga,FC Saburtalo Tbilisi,Seniorzy,TAK,Dane wg sezonu 2024/25
GE-SEN-1,Gruzja,GE,1,Erovnuli Liga - 1.liga,FC Dila Gori,Seniorzy,TAK,Dane wg sezonu 2024/25
GE-SEN-1,Gruzja,GE,1,Erovnuli Liga - 1.liga,FC Torpedo Kutaisi,Seniorzy,TAK,Dane wg sezonu 2024/25
GE-SEN-1,Gruzja,GE,1,Erovnuli Liga - 1.liga,FC Dinamo Batumi,Seniorzy,TAK,Dane wg sezonu 2024/25
GE-SEN-1,Gruzja,GE,1,Erovnuli Liga - 1.liga,FC Lokomotivi Tbilisi,Seniorzy,TAK,Dane wg sezonu 2024/25
GE-SEN-1,Gruzja,GE,1,Erovnuli Liga - 1.liga,FC Rustavi,Seniorzy,TAK,Dane wg sezonu 2024/25
GE-SEN-1,Gruzja,GE,1,Erovnuli Liga - 1.liga,FC Telavi,Seniorzy,TAK,Dane wg sezonu 2024/25
GE-SEN-1,Gruzja,GE,1,Erovnuli Liga - 1.liga,FC Guria Lanchkhuti,Seniorzy,TAK,Dane wg sezonu 2024/25
GE-SEN-1,Gruzja,GE,1,Erovnuli Liga - 1.liga,FC WIT Georgia,Seniorzy,TAK,Dane wg sezonu 2024/25
NL-SEN-2,Holandia,NL,2,Keuken Kampioen Divisie - 2.liga,Jong Ajax,Seniorzy,TAK,Dane wg sezonu 2024/25
NL-SEN-2,Holandia,NL,2,Keuken Kampioen Divisie - 2.liga,Jong PSV,Seniorzy,TAK,Dane wg sezonu 2024/25
NL-SEN-2,Holandia,NL,2,Keuken Kampioen Divisie - 2.liga,Jong AZ Alkmaar,Seniorzy,TAK,Dane wg sezonu 2024/25
NL-SEN-2,Holandia,NL,2,Keuken Kampioen Divisie - 2.liga,Roda JC Kerkrade,Seniorzy,TAK,Dane wg sezonu 2024/25
NL-SEN-2,Holandia,NL,2,Keuken Kampioen Divisie - 2.liga,FC Den Bosch,Seniorzy,TAK,Dane wg sezonu 2024/25
NL-SEN-2,Holandia,NL,2,Keuken Kampioen Divisie - 2.liga,FC Emmen,Seniorzy,TAK,Dane wg sezonu 2024/25
NL-SEN-2,Holandia,NL,2,Keuken Kampioen Divisie - 2.liga,De Graafschap,Seniorzy,TAK,Dane wg sezonu 2024/25
NL-SEN-2,Holandia,NL,2,Keuken Kampioen Divisie - 2.liga,MVV Maastricht,Seniorzy,TAK,Dane wg sezonu 2024/25
NL-SEN-2,Holandia,NL,2,Keuken Kampioen Divisie - 2.liga,FC Dordrecht,Seniorzy,TAK,Dane wg sezonu 2024/25
NL-SEN-2,Holandia,NL,2,Keuken Kampioen Divisie - 2.liga,ADO Den Haag,Seniorzy,TAK,Dane wg sezonu 2024/25
NL-SEN-2,Holandia,NL,2,Keuken Kampioen Divisie - 2.liga,Jong FC Utrecht,Seniorzy,TAK,Dane wg sezonu 2024/25
NL-SEN-2,Holandia,NL,2,Keuken Kampioen Divisie - 2.liga,SC Telstar,Seniorzy,TAK,Dane wg sezonu 2024/25
NL-SEN-2,Holandia,NL,2,Keuken Kampioen Divisie - 2.liga,FC Eindhoven,Seniorzy,TAK,Dane wg sezonu 2024/25
NL-SEN-2,Holandia,NL,2,Keuken Kampioen Divisie - 2.liga,Helmond Sport,Seniorzy,TAK,Dane wg sezonu 2024/25
NL-SEN-2,Holandia,NL,2,Keuken Kampioen Divisie - 2.liga,PEC Zwolle,Seniorzy,TAK,Dane wg sezonu 2024/25
NL-SEN-2,Holandia,NL,2,Keuken Kampioen Divisie - 2.liga,Jong Feyenoord,Seniorzy,TAK,Dane wg sezonu 2024/25
NL-SEN-2,Holandia,NL,2,Keuken Kampioen Divisie - 2.liga,VVV-Venlo,Seniorzy,TAK,Dane wg sezonu 2024/25
NL-SEN-2,Holandia,NL,2,Keuken Kampioen Divisie - 2.liga,FC Volendam,Seniorzy,TAK,Dane wg sezonu 2024/25
NL-SEN-2,Holandia,NL,2,Keuken Kampioen Divisie - 2.liga,NEC Nijmegen B,Seniorzy,TAK,Dane wg sezonu 2024/25
NL-SEN-2,Holandia,NL,2,Keuken Kampioen Divisie - 2.liga,Jong FC Groningen,Seniorzy,TAK,Dane wg sezonu 2024/25
ES-SEN-3,Hiszpania,ES,3,Primera Federación - 3.liga,SD Eibar,Seniorzy,TAK,Dane wg sezonu 2024/25
ES-SEN-3,Hiszpania,ES,3,Primera Federación - 3.liga,Real Oviedo,Seniorzy,TAK,Dane wg sezonu 2024/25
ES-SEN-3,Hiszpania,ES,3,Primera Federación - 3.liga,CD Tenerife,Seniorzy,TAK,Dane wg sezonu 2024/25
ES-SEN-3,Hiszpania,ES,3,Primera Federación - 3.liga,SD Ponferradina,Seniorzy,TAK,Dane wg sezonu 2024/25
ES-SEN-3,Hiszpania,ES,3,Primera Federación - 3.liga,Deportivo de La Coruña,Seniorzy,TAK,Dane wg sezonu 2024/25
ES-SEN-3,Hiszpania,ES,3,Primera Federación - 3.liga,Racing Club Ferrol,Seniorzy,TAK,Dane wg sezonu 2024/25
ES-SEN-3,Hiszpania,ES,3,Primera Federación - 3.liga,CD Castellón,Seniorzy,TAK,Dane wg sezonu 2024/25
ES-SEN-3,Hiszpania,ES,3,Primera Federación - 3.liga,FC Cartagena,Seniorzy,TAK,Dane wg sezonu 2024/25
ES-SEN-3,Hiszpania,ES,3,Primera Federación - 3.liga,UD Ibiza,Seniorzy,TAK,Dane wg sezonu 2024/25
ES-SEN-3,Hiszpania,ES,3,Primera Federación - 3.liga,Burgos CF,Seniorzy,TAK,Dane wg sezonu 2024/25
ES-SEN-3,Hiszpania,ES,3,Primera Federación - 3.liga,CD Numancia,Seniorzy,TAK,Dane wg sezonu 2024/25
ES-SEN-3,Hiszpania,ES,3,Primera Federación - 3.liga,Real Murcia,Seniorzy,TAK,Dane wg sezonu 2024/25
ES-SEN-3,Hiszpania,ES,3,Primera Federación - 3.liga,Rayo Majadahonda,Seniorzy,TAK,Dane wg sezonu 2024/25
ES-SEN-3,Hiszpania,ES,3,Primera Federación - 3.liga,CF Intercity,Seniorzy,TAK,Dane wg sezonu 2024/25
ES-SEN-3,Hiszpania,ES,3,Primera Federación - 3.liga,Linares Deportivo,Seniorzy,TAK,Dane wg sezonu 2024/25
ES-SEN-3,Hiszpania,ES,3,Primera Federación - 3.liga,Mérida AD,Seniorzy,TAK,Dane wg sezonu 2024/25
ES-SEN-3,Hiszpania,ES,3,Primera Federación - 3.liga,CD Badajoz,Seniorzy,TAK,Dane wg sezonu 2024/25
ES-SEN-3,Hiszpania,ES,3,Primera Federación - 3.liga,Atlético de Madrid B,Seniorzy,TAK,Dane wg sezonu 2024/25
ES-SEN-3,Hiszpania,ES,3,Primera Federación - 3.liga,Sporting de Gijón B,Seniorzy,TAK,Dane wg sezonu 2024/25
ES-SEN-3,Hiszpania,ES,3,Primera Federación - 3.liga,Real Valladolid B,Seniorzy,TAK,Dane wg sezonu 2024/25
ES-SEN-4-G1,Hiszpania,ES,4,2ª Federación Gr.1 - 4.liga,Real Madrid Castilla,Seniorzy,TAK,Dane wg sezonu 2024/25
ES-SEN-4-G1,Hiszpania,ES,4,2ª Federación Gr.1 - 4.liga,Getafe CF B,Seniorzy,TAK,Dane wg sezonu 2024/25
ES-SEN-4-G1,Hiszpania,ES,4,2ª Federación Gr.1 - 4.liga,UD Las Palmas B,Seniorzy,TAK,Dane wg sezonu 2024/25
ES-SEN-4-G1,Hiszpania,ES,4,2ª Federación Gr.1 - 4.liga,Levante UD,Seniorzy,TAK,Dane wg sezonu 2024/25
ES-SEN-4-G1,Hiszpania,ES,4,2ª Federación Gr.1 - 4.liga,Lleida Esportiu,Seniorzy,TAK,Dane wg sezonu 2024/25
ES-SEN-4-G1,Hiszpania,ES,4,2ª Federación Gr.1 - 4.liga,CE Sabadell,Seniorzy,TAK,Dane wg sezonu 2024/25
ES-SEN-4-G1,Hiszpania,ES,4,2ª Federación Gr.1 - 4.liga,CF Gavà,Seniorzy,TAK,Dane wg sezonu 2024/25
ES-SEN-4-G1,Hiszpania,ES,4,2ª Federación Gr.1 - 4.liga,UE Olot,Seniorzy,TAK,Dane wg sezonu 2024/25
ES-SEN-4-G1,Hiszpania,ES,4,2ª Federación Gr.1 - 4.liga,FC Andorra,Seniorzy,TAK,Dane wg sezonu 2024/25
ES-SEN-4-G1,Hiszpania,ES,4,2ª Federación Gr.1 - 4.liga,CE L'Hospitalet,Seniorzy,TAK,Dane wg sezonu 2024/25
ES-SEN-4-G1,Hiszpania,ES,4,2ª Federación Gr.1 - 4.liga,Atlético Baleares,Seniorzy,TAK,Dane wg sezonu 2024/25
ES-SEN-4-G1,Hiszpania,ES,4,2ª Federación Gr.1 - 4.liga,FC Cartagena B,Seniorzy,TAK,Dane wg sezonu 2024/25
ES-SEN-4-G1,Hiszpania,ES,4,2ª Federación Gr.1 - 4.liga,Real Betis B,Seniorzy,TAK,Dane wg sezonu 2024/25
ES-SEN-4-G1,Hiszpania,ES,4,2ª Federación Gr.1 - 4.liga,Barcelona B,Seniorzy,TAK,Dane wg sezonu 2024/25
ES-SEN-4-G1,Hiszpania,ES,4,2ª Federación Gr.1 - 4.liga,Sevilla FC B,Seniorzy,TAK,Dane wg sezonu 2024/25
ES-SEN-4-G1,Hiszpania,ES,4,2ª Federación Gr.1 - 4.liga,Valencia CF B,Seniorzy,TAK,Dane wg sezonu 2024/25
ES-SEN-4-G1,Hiszpania,ES,4,2ª Federación Gr.1 - 4.liga,Real Sociedad B,Seniorzy,TAK,Dane wg sezonu 2024/25
ES-SEN-4-G1,Hiszpania,ES,4,2ª Federación Gr.1 - 4.liga,Athletic Club B,Seniorzy,TAK,Dane wg sezonu 2024/25
LT-SEN-1,Litwa,LT,1,A Lyga - 1.liga,FK Žalgiris Vilnius,Seniorzy,TAK,Dane wg sezonu 2024/25
LT-SEN-1,Litwa,LT,1,A Lyga - 1.liga,FK Šiauliai,Seniorzy,TAK,Dane wg sezonu 2024/25
LT-SEN-1,Litwa,LT,1,A Lyga - 1.liga,FK Banga Gargždai,Seniorzy,TAK,Dane wg sezonu 2024/25
LT-SEN-1,Litwa,LT,1,A Lyga - 1.liga,FK Panevėžys,Seniorzy,TAK,Dane wg sezonu 2024/25
LT-SEN-1,Litwa,LT,1,A Lyga - 1.liga,FK Džiugas Telšiai,Seniorzy,TAK,Dane wg sezonu 2024/25
LT-SEN-1,Litwa,LT,1,A Lyga - 1.liga,FK Riteriai,Seniorzy,TAK,Dane wg sezonu 2024/25
LT-SEN-1,Litwa,LT,1,A Lyga - 1.liga,FK Kauno Žalgiris,Seniorzy,TAK,Dane wg sezonu 2024/25
LT-SEN-1,Litwa,LT,1,A Lyga - 1.liga,FK Hegelmann Litauen,Seniorzy,TAK,Dane wg sezonu 2024/25
LT-SEN-1,Litwa,LT,1,A Lyga - 1.liga,FK Sūduva Marijampolė,Seniorzy,TAK,Dane wg sezonu 2024/25
LT-SEN-1,Litwa,LT,1,A Lyga - 1.liga,FK Atletas Kaunas,Seniorzy,TAK,Dane wg sezonu 2024/25
LV-SEN-1,Łotwa,LV,1,Virslīga - 1.liga,RFS Rīga,Seniorzy,TAK,Dane wg sezonu 2024/25
LV-SEN-1,Łotwa,LV,1,Virslīga - 1.liga,FK Riga FC,Seniorzy,TAK,Dane wg sezonu 2024/25
LV-SEN-1,Łotwa,LV,1,Virslīga - 1.liga,FK Liepāja,Seniorzy,TAK,Dane wg sezonu 2024/25
LV-SEN-1,Łotwa,LV,1,Virslīga - 1.liga,FK Valmiera FC,Seniorzy,TAK,Dane wg sezonu 2024/25
LV-SEN-1,Łotwa,LV,1,Virslīga - 1.liga,FK Jelgava,Seniorzy,TAK,Dane wg sezonu 2024/25
LV-SEN-1,Łotwa,LV,1,Virslīga - 1.liga,FK Auda,Seniorzy,TAK,Dane wg sezonu 2024/25
LV-SEN-1,Łotwa,LV,1,Virslīga - 1.liga,FK Spartaks Jūrmala,Seniorzy,TAK,Dane wg sezonu 2024/25
LV-SEN-1,Łotwa,LV,1,Virslīga - 1.liga,SK Super Nova,Seniorzy,TAK,Dane wg sezonu 2024/25
LV-SEN-1,Łotwa,LV,1,Virslīga - 1.liga,FK Metta,Seniorzy,TAK,Dane wg sezonu 2024/25
LV-SEN-1,Łotwa,LV,1,Virslīga - 1.liga,FK Daugavpils,Seniorzy,TAK,Dane wg sezonu 2024/25
DE-SEN-3,Niemcy,DE,3,3. Liga - 3.liga,1. FC Saarbrücken,Seniorzy,TAK,Dane wg sezonu 2024/25
DE-SEN-3,Niemcy,DE,3,3. Liga - 3.liga,Preußen Münster,Seniorzy,TAK,Dane wg sezonu 2024/25
DE-SEN-3,Niemcy,DE,3,3. Liga - 3.liga,Dynamo Dresden,Seniorzy,TAK,Dane wg sezonu 2024/25
DE-SEN-3,Niemcy,DE,3,3. Liga - 3.liga,Rot-Weiss Essen,Seniorzy,TAK,Dane wg sezonu 2024/25
DE-SEN-3,Niemcy,DE,3,3. Liga - 3.liga,VfL Osnabrück,Seniorzy,TAK,Dane wg sezonu 2024/25
DE-SEN-3,Niemcy,DE,3,3. Liga - 3.liga,SV Waldhof Mannheim,Seniorzy,TAK,Dane wg sezonu 2024/25
DE-SEN-3,Niemcy,DE,3,3. Liga - 3.liga,FC Ingolstadt 04,Seniorzy,TAK,Dane wg sezonu 2024/25
DE-SEN-3,Niemcy,DE,3,3. Liga - 3.liga,TSV 1860 München,Seniorzy,TAK,Dane wg sezonu 2024/25
DE-SEN-3,Niemcy,DE,3,3. Liga - 3.liga,Hallescher FC,Seniorzy,TAK,Dane wg sezonu 2024/25
DE-SEN-3,Niemcy,DE,3,3. Liga - 3.liga,SC Verl,Seniorzy,TAK,Dane wg sezonu 2024/25
DE-SEN-3,Niemcy,DE,3,3. Liga - 3.liga,FC Viktoria Köln,Seniorzy,TAK,Dane wg sezonu 2024/25
DE-SEN-3,Niemcy,DE,3,3. Liga - 3.liga,SV Wehen Wiesbaden,Seniorzy,TAK,Dane wg sezonu 2024/25
DE-SEN-3,Niemcy,DE,3,3. Liga - 3.liga,FC Energie Cottbus,Seniorzy,TAK,Dane wg sezonu 2024/25
DE-SEN-3,Niemcy,DE,3,3. Liga - 3.liga,Arminia Bielefeld,Seniorzy,TAK,Dane wg sezonu 2024/25
DE-SEN-3,Niemcy,DE,3,3. Liga - 3.liga,MSV Duisburg,Seniorzy,TAK,Dane wg sezonu 2024/25
DE-SEN-3,Niemcy,DE,3,3. Liga - 3.liga,SC Freiburg II,Seniorzy,TAK,Dane wg sezonu 2024/25
DE-SEN-3,Niemcy,DE,3,3. Liga - 3.liga,SpVgg Unterhaching,Seniorzy,TAK,Dane wg sezonu 2024/25
DE-SEN-3,Niemcy,DE,3,3. Liga - 3.liga,VfB Stuttgart II,Seniorzy,TAK,Dane wg sezonu 2024/25
DE-SEN-3,Niemcy,DE,3,3. Liga - 3.liga,Borussia Dortmund II,Seniorzy,TAK,Dane wg sezonu 2024/25
DE-SEN-3,Niemcy,DE,3,3. Liga - 3.liga,FC Bayern München II,Seniorzy,TAK,Dane wg sezonu 2024/25
NO-SEN-1,Norwegia,NO,1,Eliteserien - 1.liga,Molde FK,Seniorzy,TAK,Dane wg sezonu 2024/25
NO-SEN-1,Norwegia,NO,1,Eliteserien - 1.liga,Bodø/Glimt,Seniorzy,TAK,Dane wg sezonu 2024/25
NO-SEN-1,Norwegia,NO,1,Eliteserien - 1.liga,Rosenborg BK,Seniorzy,TAK,Dane wg sezonu 2024/25
NO-SEN-1,Norwegia,NO,1,Eliteserien - 1.liga,Viking FK,Seniorzy,TAK,Dane wg sezonu 2024/25
NO-SEN-1,Norwegia,NO,1,Eliteserien - 1.liga,Vålerenga IF,Seniorzy,TAK,Dane wg sezonu 2024/25
NO-SEN-1,Norwegia,NO,1,Eliteserien - 1.liga,SK Brann,Seniorzy,TAK,Dane wg sezonu 2024/25
NO-SEN-1,Norwegia,NO,1,Eliteserien - 1.liga,Lillestrøm SK,Seniorzy,TAK,Dane wg sezonu 2024/25
NO-SEN-1,Norwegia,NO,1,Eliteserien - 1.liga,IK Start,Seniorzy,TAK,Dane wg sezonu 2024/25
NO-SEN-1,Norwegia,NO,1,Eliteserien - 1.liga,FK Haugesund,Seniorzy,TAK,Dane wg sezonu 2024/25
NO-SEN-1,Norwegia,NO,1,Eliteserien - 1.liga,Stabæk IF,Seniorzy,TAK,Dane wg sezonu 2024/25
NO-SEN-1,Norwegia,NO,1,Eliteserien - 1.liga,Odd BK,Seniorzy,TAK,Dane wg sezonu 2024/25
NO-SEN-1,Norwegia,NO,1,Eliteserien - 1.liga,Sarpsborg 08 FF,Seniorzy,TAK,Dane wg sezonu 2024/25
NO-SEN-1,Norwegia,NO,1,Eliteserien - 1.liga,Sandefjord Fotball,Seniorzy,TAK,Dane wg sezonu 2024/25
NO-SEN-1,Norwegia,NO,1,Eliteserien - 1.liga,Tromsø IL,Seniorzy,TAK,Dane wg sezonu 2024/25
NO-SEN-1,Norwegia,NO,1,Eliteserien - 1.liga,KFUM Oslo,Seniorzy,TAK,Dane wg sezonu 2024/25
NO-SEN-1,Norwegia,NO,1,Eliteserien - 1.liga,Aalesunds FK,Seniorzy,TAK,Dane wg sezonu 2024/25
NO-SEN-2,Norwegia,NO,2,Obos-ligaen (1. divisjon) - 2.liga,Fredrikstad FK,Seniorzy,TAK,Dane wg sezonu 2024/25
NO-SEN-2,Norwegia,NO,2,Obos-ligaen (1. divisjon) - 2.liga,Sogndal IL,Seniorzy,TAK,Dane wg sezonu 2024/25
NO-SEN-2,Norwegia,NO,2,Obos-ligaen (1. divisjon) - 2.liga,FK Jerv,Seniorzy,TAK,Dane wg sezonu 2024/25
NO-SEN-2,Norwegia,NO,2,Obos-ligaen (1. divisjon) - 2.liga,Sandnes Ulf,Seniorzy,TAK,Dane wg sezonu 2024/25
NO-SEN-2,Norwegia,NO,2,Obos-ligaen (1. divisjon) - 2.liga,Ranheim IL,Seniorzy,TAK,Dane wg sezonu 2024/25
NO-SEN-2,Norwegia,NO,2,Obos-ligaen (1. divisjon) - 2.liga,IF Kristiansund,Seniorzy,TAK,Dane wg sezonu 2024/25
NO-SEN-2,Norwegia,NO,2,Obos-ligaen (1. divisjon) - 2.liga,Raufoss IL,Seniorzy,TAK,Dane wg sezonu 2024/25
NO-SEN-2,Norwegia,NO,2,Obos-ligaen (1. divisjon) - 2.liga,HamKam,Seniorzy,TAK,Dane wg sezonu 2024/25
NO-SEN-2,Norwegia,NO,2,Obos-ligaen (1. divisjon) - 2.liga,Kongsvinger IL,Seniorzy,TAK,Dane wg sezonu 2024/25
NO-SEN-2,Norwegia,NO,2,Obos-ligaen (1. divisjon) - 2.liga,FK Tromsdalen UIL,Seniorzy,TAK,Dane wg sezonu 2024/25
NO-SEN-2,Norwegia,NO,2,Obos-ligaen (1. divisjon) - 2.liga,Åsane Fotball,Seniorzy,TAK,Dane wg sezonu 2024/25
NO-SEN-2,Norwegia,NO,2,Obos-ligaen (1. divisjon) - 2.liga,Asker Fotball,Seniorzy,TAK,Dane wg sezonu 2024/25
NO-SEN-2,Norwegia,NO,2,Obos-ligaen (1. divisjon) - 2.liga,Stjørdals-Blink,Seniorzy,TAK,Dane wg sezonu 2024/25
NO-SEN-2,Norwegia,NO,2,Obos-ligaen (1. divisjon) - 2.liga,Ull/Kisa,Seniorzy,TAK,Dane wg sezonu 2024/25
NO-SEN-2,Norwegia,NO,2,Obos-ligaen (1. divisjon) - 2.liga,Egersunds IK,Seniorzy,TAK,Dane wg sezonu 2024/25
NO-SEN-2,Norwegia,NO,2,Obos-ligaen (1. divisjon) - 2.liga,Bryne FK,Seniorzy,TAK,Dane wg sezonu 2024/25
NO-SEN-3,Norwegia,NO,3,2. divisjon - 3.liga,Notodden FK,Seniorzy,TAK,Dane wg sezonu 2024/25
NO-SEN-3,Norwegia,NO,3,2. divisjon - 3.liga,IK Grand Bodø,Seniorzy,TAK,Dane wg sezonu 2024/25
NO-SEN-3,Norwegia,NO,3,2. divisjon - 3.liga,Eidsvold TF,Seniorzy,TAK,Dane wg sezonu 2024/25
NO-SEN-3,Norwegia,NO,3,2. divisjon - 3.liga,FK Gjøvik-Lyn,Seniorzy,TAK,Dane wg sezonu 2024/25
NO-SEN-3,Norwegia,NO,3,2. divisjon - 3.liga,Florø SK,Seniorzy,TAK,Dane wg sezonu 2024/25
NO-SEN-3,Norwegia,NO,3,2. divisjon - 3.liga,FK Fana,Seniorzy,TAK,Dane wg sezonu 2024/25
NO-SEN-3,Norwegia,NO,3,2. divisjon - 3.liga,Hamarkameratene,Seniorzy,TAK,Dane wg sezonu 2024/25
NO-SEN-3,Norwegia,NO,3,2. divisjon - 3.liga,Ørn-Horten,Seniorzy,TAK,Dane wg sezonu 2024/25
NO-SEN-3,Norwegia,NO,3,2. divisjon - 3.liga,Kjelsås IL,Seniorzy,TAK,Dane wg sezonu 2024/25
NO-SEN-3,Norwegia,NO,3,2. divisjon - 3.liga,FK Moss,Seniorzy,TAK,Dane wg sezonu 2024/25
NO-SEN-3,Norwegia,NO,3,2. divisjon - 3.liga,Flekkerøy IL,Seniorzy,TAK,Dane wg sezonu 2024/25
NO-SEN-3,Norwegia,NO,3,2. divisjon - 3.liga,Lørenskog IF,Seniorzy,TAK,Dane wg sezonu 2024/25
NO-SEN-3,Norwegia,NO,3,2. divisjon - 3.liga,Follo FK,Seniorzy,TAK,Dane wg sezonu 2024/25
NO-SEN-3,Norwegia,NO,3,2. divisjon - 3.liga,Fredrikstad FK B,Seniorzy,TAK,Dane wg sezonu 2024/25
NO-SEN-3,Norwegia,NO,3,2. divisjon - 3.liga,Vålerenga IF B,Seniorzy,TAK,Dane wg sezonu 2024/25
NO-SEN-3,Norwegia,NO,3,2. divisjon - 3.liga,Nybergsund-Trysil IL,Seniorzy,TAK,Dane wg sezonu 2024/25
PL-SEN-1,Polska,PL,1,PKO BP Ekstraklasa - 1.liga,Legia Warszawa,Seniorzy,TAK,Dane wg sezonu 2024/25
PL-SEN-1,Polska,PL,1,PKO BP Ekstraklasa - 1.liga,Lech Poznań,Seniorzy,TAK,Dane wg sezonu 2024/25
PL-SEN-1,Polska,PL,1,PKO BP Ekstraklasa - 1.liga,Raków Częstochowa,Seniorzy,TAK,Dane wg sezonu 2024/25
PL-SEN-1,Polska,PL,1,PKO BP Ekstraklasa - 1.liga,Jagiellonia Białystok,Seniorzy,TAK,Dane wg sezonu 2024/25
PL-SEN-1,Polska,PL,1,PKO BP Ekstraklasa - 1.liga,Pogoń Szczecin,Seniorzy,TAK,Dane wg sezonu 2024/25
PL-SEN-1,Polska,PL,1,PKO BP Ekstraklasa - 1.liga,Śląsk Wrocław,Seniorzy,TAK,Dane wg sezonu 2024/25
PL-SEN-1,Polska,PL,1,PKO BP Ekstraklasa - 1.liga,Górnik Zabrze,Seniorzy,TAK,Dane wg sezonu 2024/25
PL-SEN-1,Polska,PL,1,PKO BP Ekstraklasa - 1.liga,Cracovia Kraków,Seniorzy,TAK,Dane wg sezonu 2024/25
PL-SEN-1,Polska,PL,1,PKO BP Ekstraklasa - 1.liga,Wisła Kraków,Seniorzy,TAK,Dane wg sezonu 2024/25
PL-SEN-1,Polska,PL,1,PKO BP Ekstraklasa - 1.liga,Korona Kielce,Seniorzy,TAK,Dane wg sezonu 2024/25
PL-SEN-1,Polska,PL,1,PKO BP Ekstraklasa - 1.liga,Zagłębie Lubin,Seniorzy,TAK,Dane wg sezonu 2024/25
PL-SEN-1,Polska,PL,1,PKO BP Ekstraklasa - 1.liga,Piast Gliwice,Seniorzy,TAK,Dane wg sezonu 2024/25
PL-SEN-1,Polska,PL,1,PKO BP Ekstraklasa - 1.liga,Widzew Łódź,Seniorzy,TAK,Dane wg sezonu 2024/25
PL-SEN-1,Polska,PL,1,PKO BP Ekstraklasa - 1.liga,Stal Mielec,Seniorzy,TAK,Dane wg sezonu 2024/25
PL-SEN-1,Polska,PL,1,PKO BP Ekstraklasa - 1.liga,Motor Lublin,Seniorzy,TAK,Dane wg sezonu 2024/25
PL-SEN-1,Polska,PL,1,PKO BP Ekstraklasa - 1.liga,Zagłębie Sosnowiec,Seniorzy,TAK,Dane wg sezonu 2024/25
PL-SEN-1,Polska,PL,1,PKO BP Ekstraklasa - 1.liga,Puszcza Niepołomice,Seniorzy,TAK,Dane wg sezonu 2024/25
PL-SEN-1,Polska,PL,1,PKO BP Ekstraklasa - 1.liga,GKS Katowice,Seniorzy,TAK,Dane wg sezonu 2024/25
PL-SEN-2,Polska,PL,2,Betclic 1 Liga - 2.liga,GKS Tychy,Seniorzy,TAK,Dane wg sezonu 2024/25
PL-SEN-2,Polska,PL,2,Betclic 1 Liga - 2.liga,Ruch Chorzów,Seniorzy,TAK,Dane wg sezonu 2024/25
PL-SEN-2,Polska,PL,2,Betclic 1 Liga - 2.liga,Arka Gdynia,Seniorzy,TAK,Dane wg sezonu 2024/25
PL-SEN-2,Polska,PL,2,Betclic 1 Liga - 2.liga,Lechia Gdańsk,Seniorzy,TAK,Dane wg sezonu 2024/25
PL-SEN-2,Polska,PL,2,Betclic 1 Liga - 2.liga,Miedź Legnica,Seniorzy,TAK,Dane wg sezonu 2024/25
PL-SEN-2,Polska,PL,2,Betclic 1 Liga - 2.liga,Resovia Rzeszów,Seniorzy,TAK,Dane wg sezonu 2024/25
PL-SEN-2,Polska,PL,2,Betclic 1 Liga - 2.liga,ŁKS Łódź,Seniorzy,TAK,Dane wg sezonu 2024/25
PL-SEN-2,Polska,PL,2,Betclic 1 Liga - 2.liga,Wisła Płock,Seniorzy,TAK,Dane wg sezonu 2024/25
PL-SEN-2,Polska,PL,2,Betclic 1 Liga - 2.liga,Polonia Warszawa,Seniorzy,TAK,Dane wg sezonu 2024/25
PL-SEN-2,Polska,PL,2,Betclic 1 Liga - 2.liga,Bruk-Bet Termalica Nieciecza,Seniorzy,TAK,Dane wg sezonu 2024/25
PL-SEN-2,Polska,PL,2,Betclic 1 Liga - 2.liga,Odra Opole,Seniorzy,TAK,Dane wg sezonu 2024/25
PL-SEN-2,Polska,PL,2,Betclic 1 Liga - 2.liga,Górnik Łęczna,Seniorzy,TAK,Dane wg sezonu 2024/25
PL-SEN-2,Polska,PL,2,Betclic 1 Liga - 2.liga,Podbeskidzie Bielsko-Biała,Seniorzy,TAK,Dane wg sezonu 2024/25
PL-SEN-2,Polska,PL,2,Betclic 1 Liga - 2.liga,Stomil Olsztyn,Seniorzy,TAK,Dane wg sezonu 2024/25
PL-SEN-2,Polska,PL,2,Betclic 1 Liga - 2.liga,Olimpia Grudziądz,Seniorzy,TAK,Dane wg sezonu 2024/25
PL-SEN-2,Polska,PL,2,Betclic 1 Liga - 2.liga,Chojniczanka Chojnice,Seniorzy,TAK,Dane wg sezonu 2024/25
PL-SEN-2,Polska,PL,2,Betclic 1 Liga - 2.liga,GKS Jastrzębie,Seniorzy,TAK,Dane wg sezonu 2024/25
PL-SEN-2,Polska,PL,2,Betclic 1 Liga - 2.liga,Tur Turek,Seniorzy,TAK,Dane wg sezonu 2024/25
PL-SEN-3,Polska,PL,3,Betclic 2 Liga - 3.liga,GKS Bełchatów,Seniorzy,TAK,Dane wg sezonu 2024/25
PL-SEN-3,Polska,PL,3,Betclic 2 Liga - 3.liga,Sandecja Nowy Sącz,Seniorzy,TAK,Dane wg sezonu 2024/25
PL-SEN-3,Polska,PL,3,Betclic 2 Liga - 3.liga,Wieczysta Kraków,Seniorzy,TAK,Dane wg sezonu 2024/25
PL-SEN-3,Polska,PL,3,Betclic 2 Liga - 3.liga,Skra Częstochowa,Seniorzy,TAK,Dane wg sezonu 2024/25
PL-SEN-3,Polska,PL,3,Betclic 2 Liga - 3.liga,Siarka Tarnobrzeg,Seniorzy,TAK,Dane wg sezonu 2024/25
PL-SEN-3,Polska,PL,3,Betclic 2 Liga - 3.liga,Bytovia Bytów,Seniorzy,TAK,Dane wg sezonu 2024/25
PL-SEN-3,Polska,PL,3,Betclic 2 Liga - 3.liga,Chełmianka Chełm,Seniorzy,TAK,Dane wg sezonu 2024/25
PL-SEN-3,Polska,PL,3,Betclic 2 Liga - 3.liga,Olimpia Zamość,Seniorzy,TAK,Dane wg sezonu 2024/25
PL-SEN-3,Polska,PL,3,Betclic 2 Liga - 3.liga,Stal Rzeszów,Seniorzy,TAK,Dane wg sezonu 2024/25
PL-SEN-3,Polska,PL,3,Betclic 2 Liga - 3.liga,KSZO Ostrowiec Świętokrzyski,Seniorzy,TAK,Dane wg sezonu 2024/25
PL-SEN-3,Polska,PL,3,Betclic 2 Liga - 3.liga,Zagłębie Sosnowiec II,Seniorzy,TAK,Dane wg sezonu 2024/25
PL-SEN-3,Polska,PL,3,Betclic 2 Liga - 3.liga,GKS Katowice II,Seniorzy,TAK,Dane wg sezonu 2024/25
PL-SEN-3,Polska,PL,3,Betclic 2 Liga - 3.liga,Legia Warszawa II,Seniorzy,TAK,Dane wg sezonu 2024/25
PL-SEN-3,Polska,PL,3,Betclic 2 Liga - 3.liga,Lech Poznań II,Seniorzy,TAK,Dane wg sezonu 2024/25
PL-SEN-3,Polska,PL,3,Betclic 2 Liga - 3.liga,Śląsk Wrocław II,Seniorzy,TAK,Dane wg sezonu 2024/25
PL-SEN-3,Polska,PL,3,Betclic 2 Liga - 3.liga,Górnik Zabrze II,Seniorzy,TAK,Dane wg sezonu 2024/25
PL-SEN-3,Polska,PL,3,Betclic 2 Liga - 3.liga,Podbeskidzie II,Seniorzy,TAK,Dane wg sezonu 2024/25
PL-SEN-3,Polska,PL,3,Betclic 2 Liga - 3.liga,Raków Częstochowa II,Seniorzy,TAK,Dane wg sezonu 2024/25
PT-SEN-2,Portugalia,PT,2,Liga Portugal 2 - 2.liga,SC Farense,Seniorzy,TAK,Dane wg sezonu 2024/25
PT-SEN-2,Portugalia,PT,2,Liga Portugal 2 - 2.liga,FC Vizela,Seniorzy,TAK,Dane wg sezonu 2024/25
PT-SEN-2,Portugalia,PT,2,Liga Portugal 2 - 2.liga,Rio Ave FC,Seniorzy,TAK,Dane wg sezonu 2024/25
PT-SEN-2,Portugalia,PT,2,Liga Portugal 2 - 2.liga,FC Arouca,Seniorzy,TAK,Dane wg sezonu 2024/25
PT-SEN-2,Portugalia,PT,2,Liga Portugal 2 - 2.liga,FC Porto B,Seniorzy,TAK,Dane wg sezonu 2024/25
PT-SEN-2,Portugalia,PT,2,Liga Portugal 2 - 2.liga,SL Benfica B,Seniorzy,TAK,Dane wg sezonu 2024/25
PT-SEN-2,Portugalia,PT,2,Liga Portugal 2 - 2.liga,Sporting CP B,Seniorzy,TAK,Dane wg sezonu 2024/25
PT-SEN-2,Portugalia,PT,2,Liga Portugal 2 - 2.liga,SC Braga B,Seniorzy,TAK,Dane wg sezonu 2024/25
PT-SEN-2,Portugalia,PT,2,Liga Portugal 2 - 2.liga,CD Mafra,Seniorzy,TAK,Dane wg sezonu 2024/25
PT-SEN-2,Portugalia,PT,2,Liga Portugal 2 - 2.liga,UD Oliveirense,Seniorzy,TAK,Dane wg sezonu 2024/25
PT-SEN-2,Portugalia,PT,2,Liga Portugal 2 - 2.liga,Académico Viseu FC,Seniorzy,TAK,Dane wg sezonu 2024/25
PT-SEN-2,Portugalia,PT,2,Liga Portugal 2 - 2.liga,FC Penafiel,Seniorzy,TAK,Dane wg sezonu 2024/25
PT-SEN-2,Portugalia,PT,2,Liga Portugal 2 - 2.liga,Leixões SC,Seniorzy,TAK,Dane wg sezonu 2024/25
PT-SEN-2,Portugalia,PT,2,Liga Portugal 2 - 2.liga,GD Chaves,Seniorzy,TAK,Dane wg sezonu 2024/25
PT-SEN-2,Portugalia,PT,2,Liga Portugal 2 - 2.liga,CD Feirense,Seniorzy,TAK,Dane wg sezonu 2024/25
PT-SEN-2,Portugalia,PT,2,Liga Portugal 2 - 2.liga,CD Nacional,Seniorzy,TAK,Dane wg sezonu 2024/25
PT-SEN-2,Portugalia,PT,2,Liga Portugal 2 - 2.liga,SC Covilhã,Seniorzy,TAK,Dane wg sezonu 2024/25
PT-SEN-2,Portugalia,PT,2,Liga Portugal 2 - 2.liga,FC Felgueiras 1932,Seniorzy,TAK,Dane wg sezonu 2024/25
PT-SEN-3,Portugalia,PT,3,Liga 3 - 3.liga,Varzim SC,Seniorzy,TAK,Dane wg sezonu 2024/25
PT-SEN-3,Portugalia,PT,3,Liga 3 - 3.liga,Gondomar SC,Seniorzy,TAK,Dane wg sezonu 2024/25
PT-SEN-3,Portugalia,PT,3,Liga 3 - 3.liga,SC Beira-Mar,Seniorzy,TAK,Dane wg sezonu 2024/25
PT-SEN-3,Portugalia,PT,3,Liga 3 - 3.liga,FC Marco,Seniorzy,TAK,Dane wg sezonu 2024/25
PT-SEN-3,Portugalia,PT,3,Liga 3 - 3.liga,GD Macedense,Seniorzy,TAK,Dane wg sezonu 2024/25
PT-SEN-3,Portugalia,PT,3,Liga 3 - 3.liga,SC Tondela,Seniorzy,TAK,Dane wg sezonu 2024/25
PT-SEN-3,Portugalia,PT,3,Liga 3 - 3.liga,SC Espinho,Seniorzy,TAK,Dane wg sezonu 2024/25
PT-SEN-3,Portugalia,PT,3,Liga 3 - 3.liga,AD Fafe,Seniorzy,TAK,Dane wg sezonu 2024/25
PT-SEN-3,Portugalia,PT,3,Liga 3 - 3.liga,CD Mirandela,Seniorzy,TAK,Dane wg sezonu 2024/25
PT-SEN-3,Portugalia,PT,3,Liga 3 - 3.liga,CF União Coimbra,Seniorzy,TAK,Dane wg sezonu 2024/25
PT-SEN-3,Portugalia,PT,3,Liga 3 - 3.liga,Real SC Braga,Seniorzy,TAK,Dane wg sezonu 2024/25
PT-SEN-3,Portugalia,PT,3,Liga 3 - 3.liga,Lusitânia FC Angra,Seniorzy,TAK,Dane wg sezonu 2024/25
PT-SEN-3,Portugalia,PT,3,Liga 3 - 3.liga,FC Vizela B,Seniorzy,TAK,Dane wg sezonu 2024/25
PT-SEN-3,Portugalia,PT,3,Liga 3 - 3.liga,Vitória FC B,Seniorzy,TAK,Dane wg sezonu 2024/25
PT-SEN-3,Portugalia,PT,3,Liga 3 - 3.liga,FC Paços de Ferreira B,Seniorzy,TAK,Dane wg sezonu 2024/25
PT-SEN-3,Portugalia,PT,3,Liga 3 - 3.liga,SC Covilhã B,Seniorzy,TAK,Dane wg sezonu 2024/25
PT-SEN-3,Portugalia,PT,3,Liga 3 - 3.liga,AD Oliveirense B,Seniorzy,TAK,Dane wg sezonu 2024/25
PT-SEN-3,Portugalia,PT,3,Liga 3 - 3.liga,FC Pedras Rubras,Seniorzy,TAK,Dane wg sezonu 2024/25
PT-SEN-3,Portugalia,PT,3,Liga 3 - 3.liga,AF Aveiro,Seniorzy,TAK,Dane wg sezonu 2024/25
PT-SEN-3,Portugalia,PT,3,Liga 3 - 3.liga,FC Cinfães,Seniorzy,TAK,Dane wg sezonu 2024/25
PT-SEN-3,Portugalia,PT,3,Liga 3 - 3.liga,CS Marítimo B,Seniorzy,TAK,Dane wg sezonu 2024/25
PT-SEN-3,Portugalia,PT,3,Liga 3 - 3.liga,Atlético CP,Seniorzy,TAK,Dane wg sezonu 2024/25
RO-SEN-1,Rumunia,RO,1,SuperLiga - 1.liga,FCSB,Seniorzy,TAK,Dane wg sezonu 2024/25
RO-SEN-1,Rumunia,RO,1,SuperLiga - 1.liga,Universitatea Cluj-Napoca,Seniorzy,TAK,Dane wg sezonu 2024/25
RO-SEN-1,Rumunia,RO,1,SuperLiga - 1.liga,CFR 1907 Cluj,Seniorzy,TAK,Dane wg sezonu 2024/25
RO-SEN-1,Rumunia,RO,1,SuperLiga - 1.liga,FC Rapid București,Seniorzy,TAK,Dane wg sezonu 2024/25
RO-SEN-1,Rumunia,RO,1,SuperLiga - 1.liga,FC Dinamo București,Seniorzy,TAK,Dane wg sezonu 2024/25
RO-SEN-1,Rumunia,RO,1,SuperLiga - 1.liga,FC Hermannstadt,Seniorzy,TAK,Dane wg sezonu 2024/25
RO-SEN-1,Rumunia,RO,1,SuperLiga - 1.liga,FC Voluntari,Seniorzy,TAK,Dane wg sezonu 2024/25
RO-SEN-1,Rumunia,RO,1,SuperLiga - 1.liga,Petrolul Ploiești,Seniorzy,TAK,Dane wg sezonu 2024/25
RO-SEN-1,Rumunia,RO,1,SuperLiga - 1.liga,FC UTA Arad,Seniorzy,TAK,Dane wg sezonu 2024/25
RO-SEN-1,Rumunia,RO,1,SuperLiga - 1.liga,Universitatea Craiova,Seniorzy,TAK,Dane wg sezonu 2024/25
RO-SEN-1,Rumunia,RO,1,SuperLiga - 1.liga,Sepsi OSK Sfântu Gheorghe,Seniorzy,TAK,Dane wg sezonu 2024/25
RO-SEN-1,Rumunia,RO,1,SuperLiga - 1.liga,FC Farul Constanța,Seniorzy,TAK,Dane wg sezonu 2024/25
RO-SEN-1,Rumunia,RO,1,SuperLiga - 1.liga,FC Botoșani,Seniorzy,TAK,Dane wg sezonu 2024/25
RO-SEN-1,Rumunia,RO,1,SuperLiga - 1.liga,Oțelul Galați,Seniorzy,TAK,Dane wg sezonu 2024/25
RO-SEN-1,Rumunia,RO,1,SuperLiga - 1.liga,FC Politehnica Iași,Seniorzy,TAK,Dane wg sezonu 2024/25
RO-SEN-1,Rumunia,RO,1,SuperLiga - 1.liga,FC Politehnica Timișoara,Seniorzy,TAK,Dane wg sezonu 2024/25
RO-SEN-2,Rumunia,RO,2,Casa Pariurilor Liga II - 2.liga,FC Metalul Buzău,Seniorzy,TAK,Dane wg sezonu 2024/25
RO-SEN-2,Rumunia,RO,2,Casa Pariurilor Liga II - 2.liga,AFC Chindia Târgoviște,Seniorzy,TAK,Dane wg sezonu 2024/25
RO-SEN-2,Rumunia,RO,2,Casa Pariurilor Liga II - 2.liga,AFC Unirea Slobozia,Seniorzy,TAK,Dane wg sezonu 2024/25
RO-SEN-2,Rumunia,RO,2,Casa Pariurilor Liga II - 2.liga,CSM Reșița,Seniorzy,TAK,Dane wg sezonu 2024/25
RO-SEN-2,Rumunia,RO,2,Casa Pariurilor Liga II - 2.liga,FC Concordia Chiajna,Seniorzy,TAK,Dane wg sezonu 2024/25
RO-SEN-2,Rumunia,RO,2,Casa Pariurilor Liga II - 2.liga,FC Argeș Pitești,Seniorzy,TAK,Dane wg sezonu 2024/25
RO-SEN-2,Rumunia,RO,2,Casa Pariurilor Liga II - 2.liga,ASC Daco-Getica București,Seniorzy,TAK,Dane wg sezonu 2024/25
RO-SEN-2,Rumunia,RO,2,Casa Pariurilor Liga II - 2.liga,CSC Dumbrăvița,Seniorzy,TAK,Dane wg sezonu 2024/25
RO-SEN-2,Rumunia,RO,2,Casa Pariurilor Liga II - 2.liga,FK Miercurea Ciuc,Seniorzy,TAK,Dane wg sezonu 2024/25
RO-SEN-2,Rumunia,RO,2,Casa Pariurilor Liga II - 2.liga,AFC Turris-Oltul Turnu Măgurele,Seniorzy,TAK,Dane wg sezonu 2024/25
RO-SEN-2,Rumunia,RO,2,Casa Pariurilor Liga II - 2.liga,ACS Poli Timișoara,Seniorzy,TAK,Dane wg sezonu 2024/25
RO-SEN-2,Rumunia,RO,2,Casa Pariurilor Liga II - 2.liga,Ripensia Timișoara,Seniorzy,TAK,Dane wg sezonu 2024/25
RO-SEN-2,Rumunia,RO,2,Casa Pariurilor Liga II - 2.liga,CSM Alexandria,Seniorzy,TAK,Dane wg sezonu 2024/25
RO-SEN-2,Rumunia,RO,2,Casa Pariurilor Liga II - 2.liga,FC Viitorul Pandurii,Seniorzy,TAK,Dane wg sezonu 2024/25
RO-SEN-2,Rumunia,RO,2,Casa Pariurilor Liga II - 2.liga,CSO Filiași,Seniorzy,TAK,Dane wg sezonu 2024/25
RO-SEN-2,Rumunia,RO,2,Casa Pariurilor Liga II - 2.liga,FK Sepsi OSK B,Seniorzy,TAK,Dane wg sezonu 2024/25
RO-SEN-2,Rumunia,RO,2,Casa Pariurilor Liga II - 2.liga,FC Steaua București,Seniorzy,TAK,Dane wg sezonu 2024/25
RO-SEN-2,Rumunia,RO,2,Casa Pariurilor Liga II - 2.liga,CS Mioveni,Seniorzy,TAK,Dane wg sezonu 2024/25
RS-SEN-1,Serbia,RS,1,SuperLiga Srbije - 1.liga,FK Crvena zvezda Beograd,Seniorzy,TAK,Dane wg sezonu 2024/25
RS-SEN-1,Serbia,RS,1,SuperLiga Srbije - 1.liga,FK Partizan,Seniorzy,TAK,Dane wg sezonu 2024/25
RS-SEN-1,Serbia,RS,1,SuperLiga Srbije - 1.liga,FK Vojvodina,Seniorzy,TAK,Dane wg sezonu 2024/25
RS-SEN-1,Serbia,RS,1,SuperLiga Srbije - 1.liga,FK Čukarički,Seniorzy,TAK,Dane wg sezonu 2024/25
RS-SEN-1,Serbia,RS,1,SuperLiga Srbije - 1.liga,FK Radnički Niš,Seniorzy,TAK,Dane wg sezonu 2024/25
RS-SEN-1,Serbia,RS,1,SuperLiga Srbije - 1.liga,FK TSC Bačka Topola,Seniorzy,TAK,Dane wg sezonu 2024/25
RS-SEN-1,Serbia,RS,1,SuperLiga Srbije - 1.liga,FK Javor Ivanjica,Seniorzy,TAK,Dane wg sezonu 2024/25
RS-SEN-1,Serbia,RS,1,SuperLiga Srbije - 1.liga,FK Spartak Subotica,Seniorzy,TAK,Dane wg sezonu 2024/25
RS-SEN-1,Serbia,RS,1,SuperLiga Srbije - 1.liga,FK IMT Beograd,Seniorzy,TAK,Dane wg sezonu 2024/25
RS-SEN-1,Serbia,RS,1,SuperLiga Srbije - 1.liga,FK Napredak Kruševac,Seniorzy,TAK,Dane wg sezonu 2024/25
RS-SEN-1,Serbia,RS,1,SuperLiga Srbije - 1.liga,FK Novi Pazar,Seniorzy,TAK,Dane wg sezonu 2024/25
RS-SEN-1,Serbia,RS,1,SuperLiga Srbije - 1.liga,OFK Bačka Palanka,Seniorzy,TAK,Dane wg sezonu 2024/25
RS-SEN-1,Serbia,RS,1,SuperLiga Srbije - 1.liga,FK Metalac Gornji Milanovac,Seniorzy,TAK,Dane wg sezonu 2024/25
RS-SEN-1,Serbia,RS,1,SuperLiga Srbije - 1.liga,FK Radnički 1923 Kragujevac,Seniorzy,TAK,Dane wg sezonu 2024/25
RS-SEN-1,Serbia,RS,1,SuperLiga Srbije - 1.liga,FK Železničar Pančevo,Seniorzy,TAK,Dane wg sezonu 2024/25
RS-SEN-1,Serbia,RS,1,SuperLiga Srbije - 1.liga,FK Kolubara Lazarevac,Seniorzy,TAK,Dane wg sezonu 2024/25
RS-SEN-2,Serbia,RS,2,Prva Liga Srbije - 2.liga,FK Inđija,Seniorzy,TAK,Dane wg sezonu 2024/25
RS-SEN-2,Serbia,RS,2,Prva Liga Srbije - 2.liga,FK Proleter Novi Sad,Seniorzy,TAK,Dane wg sezonu 2024/25
RS-SEN-2,Serbia,RS,2,Prva Liga Srbije - 2.liga,FK Sloboda Užice,Seniorzy,TAK,Dane wg sezonu 2024/25
RS-SEN-2,Serbia,RS,2,Prva Liga Srbije - 2.liga,FK Mačva Šabac,Seniorzy,TAK,Dane wg sezonu 2024/25
RS-SEN-2,Serbia,RS,2,Prva Liga Srbije - 2.liga,FK Zemun,Seniorzy,TAK,Dane wg sezonu 2024/25
RS-SEN-2,Serbia,RS,2,Prva Liga Srbije - 2.liga,FK Radnik Surdulica,Seniorzy,TAK,Dane wg sezonu 2024/25
RS-SEN-2,Serbia,RS,2,Prva Liga Srbije - 2.liga,FK Loznica,Seniorzy,TAK,Dane wg sezonu 2024/25
RS-SEN-2,Serbia,RS,2,Prva Liga Srbije - 2.liga,FK Grafičar Beograd,Seniorzy,TAK,Dane wg sezonu 2024/25
RS-SEN-2,Serbia,RS,2,Prva Liga Srbije - 2.liga,FK Dinamo Vranje,Seniorzy,TAK,Dane wg sezonu 2024/25
RS-SEN-2,Serbia,RS,2,Prva Liga Srbije - 2.liga,FK Borac Čačak,Seniorzy,TAK,Dane wg sezonu 2024/25
RS-SEN-2,Serbia,RS,2,Prva Liga Srbije - 2.liga,FK Zlatibor Čajetina,Seniorzy,TAK,Dane wg sezonu 2024/25
RS-SEN-2,Serbia,RS,2,Prva Liga Srbije - 2.liga,FK Sloga Kraljevo,Seniorzy,TAK,Dane wg sezonu 2024/25
RS-SEN-2,Serbia,RS,2,Prva Liga Srbije - 2.liga,FK Timok Zaječar,Seniorzy,TAK,Dane wg sezonu 2024/25
RS-SEN-2,Serbia,RS,2,Prva Liga Srbije - 2.liga,FK Mladost Lučani,Seniorzy,TAK,Dane wg sezonu 2024/25
RS-SEN-2,Serbia,RS,2,Prva Liga Srbije - 2.liga,FK Teleoptik,Seniorzy,TAK,Dane wg sezonu 2024/25
RS-SEN-2,Serbia,RS,2,Prva Liga Srbije - 2.liga,FK Voždovac,Seniorzy,TAK,Dane wg sezonu 2024/25
SK-SEN-1,Słowacja,SK,1,Niké liga - 1.liga,ŠK Slovan Bratislava,Seniorzy,TAK,Dane wg sezonu 2024/25
SK-SEN-1,Słowacja,SK,1,Niké liga - 1.liga,FC Spartak Trnava,Seniorzy,TAK,Dane wg sezonu 2024/25
SK-SEN-1,Słowacja,SK,1,Niké liga - 1.liga,FK Železiarne Podbrezová,Seniorzy,TAK,Dane wg sezonu 2024/25
SK-SEN-1,Słowacja,SK,1,Niké liga - 1.liga,MŠK Žilina,Seniorzy,TAK,Dane wg sezonu 2024/25
SK-SEN-1,Słowacja,SK,1,Niké liga - 1.liga,DAC Dunajská Streda,Seniorzy,TAK,Dane wg sezonu 2024/25
SK-SEN-1,Słowacja,SK,1,Niké liga - 1.liga,FK Pohronie,Seniorzy,TAK,Dane wg sezonu 2024/25
SK-SEN-1,Słowacja,SK,1,Niké liga - 1.liga,MFK Ružomberok,Seniorzy,TAK,Dane wg sezonu 2024/25
SK-SEN-1,Słowacja,SK,1,Niké liga - 1.liga,AS Trenčín,Seniorzy,TAK,Dane wg sezonu 2024/25
SK-SEN-1,Słowacja,SK,1,Niké liga - 1.liga,FK Dukla Banská Bystrica,Seniorzy,TAK,Dane wg sezonu 2024/25
SK-SEN-1,Słowacja,SK,1,Niké liga - 1.liga,1. FC Tatran Prešov,Seniorzy,TAK,Dane wg sezonu 2024/25
SK-SEN-1,Słowacja,SK,1,Niké liga - 1.liga,MFK Zemplín Michalovce,Seniorzy,TAK,Dane wg sezonu 2024/25
SK-SEN-1,Słowacja,SK,1,Niké liga - 1.liga,FC ViOn Zlaté Moravce,Seniorzy,TAK,Dane wg sezonu 2024/25
SK-SEN-2,Słowacja,SK,2,II. liga (SK) - 2.liga,FK Senica,Seniorzy,TAK,Dane wg sezonu 2024/25
SK-SEN-2,Słowacja,SK,2,II. liga (SK) - 2.liga,TJ Spartak Myjava,Seniorzy,TAK,Dane wg sezonu 2024/25
SK-SEN-2,Słowacja,SK,2,II. liga (SK) - 2.liga,ŠK Liptovský Mikuláš,Seniorzy,TAK,Dane wg sezonu 2024/25
SK-SEN-2,Słowacja,SK,2,II. liga (SK) - 2.liga,MFK Dolný Kubín,Seniorzy,TAK,Dane wg sezonu 2024/25
SK-SEN-2,Słowacja,SK,2,II. liga (SK) - 2.liga,FK Lokomotíva Košice,Seniorzy,TAK,Dane wg sezonu 2024/25
SK-SEN-2,Słowacja,SK,2,II. liga (SK) - 2.liga,FK Poprad,Seniorzy,TAK,Dane wg sezonu 2024/25
SK-SEN-2,Słowacja,SK,2,II. liga (SK) - 2.liga,FC Nitra,Seniorzy,TAK,Dane wg sezonu 2024/25
SK-SEN-2,Słowacja,SK,2,II. liga (SK) - 2.liga,FK Dubnica,Seniorzy,TAK,Dane wg sezonu 2024/25
SK-SEN-2,Słowacja,SK,2,II. liga (SK) - 2.liga,FC Senec,Seniorzy,TAK,Dane wg sezonu 2024/25
SK-SEN-2,Słowacja,SK,2,II. liga (SK) - 2.liga,SK Záhoran Kostolište,Seniorzy,TAK,Dane wg sezonu 2024/25
SK-SEN-2,Słowacja,SK,2,II. liga (SK) - 2.liga,ŠK Odeva Lipany,Seniorzy,TAK,Dane wg sezonu 2024/25
SK-SEN-2,Słowacja,SK,2,II. liga (SK) - 2.liga,FK Spišská Nová Ves,Seniorzy,TAK,Dane wg sezonu 2024/25
SK-SEN-2,Słowacja,SK,2,II. liga (SK) - 2.liga,TJ Sokol Bučany,Seniorzy,TAK,Dane wg sezonu 2024/25
SK-SEN-2,Słowacja,SK,2,II. liga (SK) - 2.liga,FK Slavoj Trebišov,Seniorzy,TAK,Dane wg sezonu 2024/25
SK-SEN-2,Słowacja,SK,2,II. liga (SK) - 2.liga,MFK Tatran Liptovský Mikuláš,Seniorzy,TAK,Dane wg sezonu 2024/25
SK-SEN-2,Słowacja,SK,2,II. liga (SK) - 2.liga,FK Rača,Seniorzy,TAK,Dane wg sezonu 2024/25
SI-SEN-1,Słowenia,SI,1,NLB liga (Prva liga) - 1.liga,NK Olimpija Ljubljana,Seniorzy,TAK,Dane wg sezonu 2024/25
SI-SEN-1,Słowenia,SI,1,NLB liga (Prva liga) - 1.liga,NK Maribor,Seniorzy,TAK,Dane wg sezonu 2024/25
SI-SEN-1,Słowenia,SI,1,NLB liga (Prva liga) - 1.liga,NK Koper,Seniorzy,TAK,Dane wg sezonu 2024/25
SI-SEN-1,Słowenia,SI,1,NLB liga (Prva liga) - 1.liga,NK Celje,Seniorzy,TAK,Dane wg sezonu 2024/25
SI-SEN-1,Słowenia,SI,1,NLB liga (Prva liga) - 1.liga,NK Bravo,Seniorzy,TAK,Dane wg sezonu 2024/25
SI-SEN-1,Słowenia,SI,1,NLB liga (Prva liga) - 1.liga,NK Mura,Seniorzy,TAK,Dane wg sezonu 2024/25
SI-SEN-1,Słowenia,SI,1,NLB liga (Prva liga) - 1.liga,NK Radomlje,Seniorzy,TAK,Dane wg sezonu 2024/25
SI-SEN-1,Słowenia,SI,1,NLB liga (Prva liga) - 1.liga,NK Domžale,Seniorzy,TAK,Dane wg sezonu 2024/25
SI-SEN-1,Słowenia,SI,1,NLB liga (Prva liga) - 1.liga,NK Nafta Lendava,Seniorzy,TAK,Dane wg sezonu 2024/25
SI-SEN-1,Słowenia,SI,1,NLB liga (Prva liga) - 1.liga,ND Gorica,Seniorzy,TAK,Dane wg sezonu 2024/25
SE-SEN-1,Szwecja,SE,1,Allsvenskan - 1.liga,Malmö FF,Seniorzy,TAK,Dane wg sezonu 2024/25
SE-SEN-1,Szwecja,SE,1,Allsvenskan - 1.liga,AIK,Seniorzy,TAK,Dane wg sezonu 2024/25
SE-SEN-1,Szwecja,SE,1,Allsvenskan - 1.liga,IFK Göteborg,Seniorzy,TAK,Dane wg sezonu 2024/25
SE-SEN-1,Szwecja,SE,1,Allsvenskan - 1.liga,Djurgårdens IF,Seniorzy,TAK,Dane wg sezonu 2024/25
SE-SEN-1,Szwecja,SE,1,Allsvenskan - 1.liga,IF Elfsborg,Seniorzy,TAK,Dane wg sezonu 2024/25
SE-SEN-1,Szwecja,SE,1,Allsvenskan - 1.liga,Hammarby IF,Seniorzy,TAK,Dane wg sezonu 2024/25
SE-SEN-1,Szwecja,SE,1,Allsvenskan - 1.liga,Helsingborgs IF,Seniorzy,TAK,Dane wg sezonu 2024/25
SE-SEN-1,Szwecja,SE,1,Allsvenskan - 1.liga,BK Häcken,Seniorzy,TAK,Dane wg sezonu 2024/25
SE-SEN-1,Szwecja,SE,1,Allsvenskan - 1.liga,IFK Norrköping,Seniorzy,TAK,Dane wg sezonu 2024/25
SE-SEN-1,Szwecja,SE,1,Allsvenskan - 1.liga,Kalmar FF,Seniorzy,TAK,Dane wg sezonu 2024/25
SE-SEN-1,Szwecja,SE,1,Allsvenskan - 1.liga,Halmstads BK,Seniorzy,TAK,Dane wg sezonu 2024/25
SE-SEN-1,Szwecja,SE,1,Allsvenskan - 1.liga,Mjällby AIF,Seniorzy,TAK,Dane wg sezonu 2024/25
SE-SEN-1,Szwecja,SE,1,Allsvenskan - 1.liga,Västerås SK,Seniorzy,TAK,Dane wg sezonu 2024/25
SE-SEN-1,Szwecja,SE,1,Allsvenskan - 1.liga,GIF Sundsvall,Seniorzy,TAK,Dane wg sezonu 2024/25
SE-SEN-1,Szwecja,SE,1,Allsvenskan - 1.liga,IK Sirius,Seniorzy,TAK,Dane wg sezonu 2024/25
SE-SEN-1,Szwecja,SE,1,Allsvenskan - 1.liga,Degerfors IF,Seniorzy,TAK,Dane wg sezonu 2024/25
SE-SEN-2,Szwecja,SE,2,Superettan - 2.liga,AFC Eskilstuna,Seniorzy,TAK,Dane wg sezonu 2024/25
SE-SEN-2,Szwecja,SE,2,Superettan - 2.liga,Landskrona BoIS,Seniorzy,TAK,Dane wg sezonu 2024/25
SE-SEN-2,Szwecja,SE,2,Superettan - 2.liga,IK Brage,Seniorzy,TAK,Dane wg sezonu 2024/25
SE-SEN-2,Szwecja,SE,2,Superettan - 2.liga,Trelleborgs FF,Seniorzy,TAK,Dane wg sezonu 2024/25
SE-SEN-2,Szwecja,SE,2,Superettan - 2.liga,Örgryte IS,Seniorzy,TAK,Dane wg sezonu 2024/25
SE-SEN-2,Szwecja,SE,2,Superettan - 2.liga,Skövde AIK,Seniorzy,TAK,Dane wg sezonu 2024/25
SE-SEN-2,Szwecja,SE,2,Superettan - 2.liga,Öster IF,Seniorzy,TAK,Dane wg sezonu 2024/25
SE-SEN-2,Szwecja,SE,2,Superettan - 2.liga,Jönköpings Södra IF,Seniorzy,TAK,Dane wg sezonu 2024/25
SE-SEN-2,Szwecja,SE,2,Superettan - 2.liga,IFK Värnamo,Seniorzy,TAK,Dane wg sezonu 2024/25
SE-SEN-2,Szwecja,SE,2,Superettan - 2.liga,Åtvidabergs FF,Seniorzy,TAK,Dane wg sezonu 2024/25
SE-SEN-2,Szwecja,SE,2,Superettan - 2.liga,Kristianstads FF,Seniorzy,TAK,Dane wg sezonu 2024/25
SE-SEN-2,Szwecja,SE,2,Superettan - 2.liga,Lunds BK,Seniorzy,TAK,Dane wg sezonu 2024/25
SE-SEN-2,Szwecja,SE,2,Superettan - 2.liga,Umeå FC,Seniorzy,TAK,Dane wg sezonu 2024/25
SE-SEN-2,Szwecja,SE,2,Superettan - 2.liga,Sylvia Vänersborg,Seniorzy,TAK,Dane wg sezonu 2024/25
SE-SEN-2,Szwecja,SE,2,Superettan - 2.liga,Helsingborgs IF B,Seniorzy,TAK,Dane wg sezonu 2024/25
SE-SEN-2,Szwecja,SE,2,Superettan - 2.liga,GAIS Göteborg,Seniorzy,TAK,Dane wg sezonu 2024/25
SE-SEN-3-N,Szwecja,SE,3,Ettan Norra - 3.liga,IFK Luleå,Seniorzy,TAK,Dane wg sezonu 2024/25
SE-SEN-3-N,Szwecja,SE,3,Ettan Norra - 3.liga,Piteå IF,Seniorzy,TAK,Dane wg sezonu 2024/25
SE-SEN-3-N,Szwecja,SE,3,Ettan Norra - 3.liga,GIF Sundsvall B,Seniorzy,TAK,Dane wg sezonu 2024/25
SE-SEN-3-N,Szwecja,SE,3,Ettan Norra - 3.liga,Sandvikens IF,Seniorzy,TAK,Dane wg sezonu 2024/25
SE-SEN-3-N,Szwecja,SE,3,Ettan Norra - 3.liga,Gefle IF,Seniorzy,TAK,Dane wg sezonu 2024/25
SE-SEN-3-N,Szwecja,SE,3,Ettan Norra - 3.liga,Umeå FC B,Seniorzy,TAK,Dane wg sezonu 2024/25
SE-SEN-3-N,Szwecja,SE,3,Ettan Norra - 3.liga,IFK Östersund,Seniorzy,TAK,Dane wg sezonu 2024/25
SE-SEN-3-N,Szwecja,SE,3,Ettan Norra - 3.liga,Skellefteå FF,Seniorzy,TAK,Dane wg sezonu 2024/25
SE-SEN-3-N,Szwecja,SE,3,Ettan Norra - 3.liga,Östers IF B,Seniorzy,TAK,Dane wg sezonu 2024/25
SE-SEN-3-N,Szwecja,SE,3,Ettan Norra - 3.liga,Änge IF,Seniorzy,TAK,Dane wg sezonu 2024/25
SE-SEN-3-N,Szwecja,SE,3,Ettan Norra - 3.liga,Frösön FK,Seniorzy,TAK,Dane wg sezonu 2024/25
SE-SEN-3-N,Szwecja,SE,3,Ettan Norra - 3.liga,Östersunds FK B,Seniorzy,TAK,Dane wg sezonu 2024/25
SE-SEN-3-N,Szwecja,SE,3,Ettan Norra - 3.liga,Sunds FF,Seniorzy,TAK,Dane wg sezonu 2024/25
SE-SEN-3-N,Szwecja,SE,3,Ettan Norra - 3.liga,Kramfors-Alliansen,Seniorzy,TAK,Dane wg sezonu 2024/25
SE-SEN-3-S,Szwecja,SE,3,Ettan Södra - 3.liga,IF Brommapojkarna,Seniorzy,TAK,Dane wg sezonu 2024/25
SE-SEN-3-S,Szwecja,SE,3,Ettan Södra - 3.liga,Sollentuna FK,Seniorzy,TAK,Dane wg sezonu 2024/25
SE-SEN-3-S,Szwecja,SE,3,Ettan Södra - 3.liga,IFK Uppsala,Seniorzy,TAK,Dane wg sezonu 2024/25
SE-SEN-3-S,Szwecja,SE,3,Ettan Södra - 3.liga,Akropolis IF,Seniorzy,TAK,Dane wg sezonu 2024/25
SE-SEN-3-S,Szwecja,SE,3,Ettan Södra - 3.liga,Täby FK,Seniorzy,TAK,Dane wg sezonu 2024/25
SE-SEN-3-S,Szwecja,SE,3,Ettan Södra - 3.liga,FC Rosengård,Seniorzy,TAK,Dane wg sezonu 2024/25
SE-SEN-3-S,Szwecja,SE,3,Ettan Södra - 3.liga,Landskrona BoIS B,Seniorzy,TAK,Dane wg sezonu 2024/25
SE-SEN-3-S,Szwecja,SE,3,Ettan Södra - 3.liga,Ängelholms FF,Seniorzy,TAK,Dane wg sezonu 2024/25
SE-SEN-3-S,Szwecja,SE,3,Ettan Södra - 3.liga,Assyriska FF,Seniorzy,TAK,Dane wg sezonu 2024/25
SE-SEN-3-S,Szwecja,SE,3,Ettan Södra - 3.liga,Assyriska Föreningen,Seniorzy,TAK,Dane wg sezonu 2024/25
SE-SEN-3-S,Szwecja,SE,3,Ettan Södra - 3.liga,Varbergs BoIS B,Seniorzy,TAK,Dane wg sezonu 2024/25
SE-SEN-3-S,Szwecja,SE,3,Ettan Södra - 3.liga,Halmstads BK B,Seniorzy,TAK,Dane wg sezonu 2024/25
SE-SEN-3-S,Szwecja,SE,3,Ettan Södra - 3.liga,IFK Hässleholm,Seniorzy,TAK,Dane wg sezonu 2024/25
SE-SEN-3-S,Szwecja,SE,3,Ettan Södra - 3.liga,Ljungskile SK,Seniorzy,TAK,Dane wg sezonu 2024/25
UA-SEN-1,Ukraina,UA,1,УПЛ (Premier Liga) - 1.liga,FK Shakhtar Donetsk,Seniorzy,TAK,Dane wg sezonu 2024/25
UA-SEN-1,Ukraina,UA,1,УПЛ (Premier Liga) - 1.liga,FC Dynamo Kyiv,Seniorzy,TAK,Dane wg sezonu 2024/25
UA-SEN-1,Ukraina,UA,1,УПЛ (Premier Liga) - 1.liga,FK Metalist 1925 Kharkiv,Seniorzy,TAK,Dane wg sezonu 2024/25
UA-SEN-1,Ukraina,UA,1,УПЛ (Premier Liga) - 1.liga,FK Vorskla Poltava,Seniorzy,TAK,Dane wg sezonu 2024/25
UA-SEN-1,Ukraina,UA,1,УПЛ (Premier Liga) - 1.liga,FK Oleksandriya,Seniorzy,TAK,Dane wg sezonu 2024/25
UA-SEN-1,Ukraina,UA,1,УПЛ (Premier Liga) - 1.liga,FK Rukh Lviv,Seniorzy,TAK,Dane wg sezonu 2024/25
UA-SEN-1,Ukraina,UA,1,УПЛ (Premier Liga) - 1.liga,FK Chornomorets Odessa,Seniorzy,TAK,Dane wg sezonu 2024/25
UA-SEN-1,Ukraina,UA,1,УПЛ (Premier Liga) - 1.liga,FC Polissya Zhytomyr,Seniorzy,TAK,Dane wg sezonu 2024/25
UA-SEN-1,Ukraina,UA,1,УПЛ (Premier Liga) - 1.liga,FC Kryvbas Kryvyi Rih,Seniorzy,TAK,Dane wg sezonu 2024/25
UA-SEN-1,Ukraina,UA,1,УПЛ (Premier Liga) - 1.liga,FC Inhulets Petrove,Seniorzy,TAK,Dane wg sezonu 2024/25
UA-SEN-1,Ukraina,UA,1,УПЛ (Premier Liga) - 1.liga,FK Minaj,Seniorzy,TAK,Dane wg sezonu 2024/25
UA-SEN-1,Ukraina,UA,1,УПЛ (Premier Liga) - 1.liga,FK Kolos Kovalivka,Seniorzy,TAK,Dane wg sezonu 2024/25
UA-SEN-1,Ukraina,UA,1,УПЛ (Premier Liga) - 1.liga,FC Metalist Kharkiv,Seniorzy,TAK,Dane wg sezonu 2024/25
UA-SEN-1,Ukraina,UA,1,УПЛ (Premier Liga) - 1.liga,FC Lviv,Seniorzy,TAK,Dane wg sezonu 2024/25
UA-SEN-1,Ukraina,UA,1,УПЛ (Premier Liga) - 1.liga,Desna Chernihiv,Seniorzy,TAK,Dane wg sezonu 2024/25
UA-SEN-1,Ukraina,UA,1,УПЛ (Premier Liga) - 1.liga,Dnipro-1,Seniorzy,TAK,Dane wg sezonu 2024/25
HU-SEN-1,Węgry,HU,1,OTP Bank Liga (NB I) - 1.liga,Ferencváros TC,Seniorzy,TAK,Dane wg sezonu 2024/25
HU-SEN-1,Węgry,HU,1,OTP Bank Liga (NB I) - 1.liga,MTK Budapest FC,Seniorzy,TAK,Dane wg sezonu 2024/25
HU-SEN-1,Węgry,HU,1,OTP Bank Liga (NB I) - 1.liga,Paks FC,Seniorzy,TAK,Dane wg sezonu 2024/25
HU-SEN-1,Węgry,HU,1,OTP Bank Liga (NB I) - 1.liga,Puskás Akadémia FC,Seniorzy,TAK,Dane wg sezonu 2024/25
HU-SEN-1,Węgry,HU,1,OTP Bank Liga (NB I) - 1.liga,Debreceni VSC,Seniorzy,TAK,Dane wg sezonu 2024/25
HU-SEN-1,Węgry,HU,1,OTP Bank Liga (NB I) - 1.liga,Fehérvár FC,Seniorzy,TAK,Dane wg sezonu 2024/25
HU-SEN-1,Węgry,HU,1,OTP Bank Liga (NB I) - 1.liga,Zalaegerszegi TE FC,Seniorzy,TAK,Dane wg sezonu 2024/25
HU-SEN-1,Węgry,HU,1,OTP Bank Liga (NB I) - 1.liga,Újpest FC,Seniorzy,TAK,Dane wg sezonu 2024/25
HU-SEN-1,Węgry,HU,1,OTP Bank Liga (NB I) - 1.liga,Kecskeméti TE,Seniorzy,TAK,Dane wg sezonu 2024/25
HU-SEN-1,Węgry,HU,1,OTP Bank Liga (NB I) - 1.liga,Nyíregyháza Spartacus FC,Seniorzy,TAK,Dane wg sezonu 2024/25
HU-SEN-1,Węgry,HU,1,OTP Bank Liga (NB I) - 1.liga,Bp. Honvéd FC,Seniorzy,TAK,Dane wg sezonu 2024/25
HU-SEN-1,Węgry,HU,1,OTP Bank Liga (NB I) - 1.liga,Vasas SC,Seniorzy,TAK,Dane wg sezonu 2024/25
HU-SEN-2,Węgry,HU,2,Nemzeti Bajnokság II - 2.liga,Gyirmót FC Győr,Seniorzy,TAK,Dane wg sezonu 2024/25
HU-SEN-2,Węgry,HU,2,Nemzeti Bajnokság II - 2.liga,FC Ajka,Seniorzy,TAK,Dane wg sezonu 2024/25
HU-SEN-2,Węgry,HU,2,Nemzeti Bajnokság II - 2.liga,Tiszakécske FC,Seniorzy,TAK,Dane wg sezonu 2024/25
HU-SEN-2,Węgry,HU,2,Nemzeti Bajnokság II - 2.liga,Soroksár SC,Seniorzy,TAK,Dane wg sezonu 2024/25
HU-SEN-2,Węgry,HU,2,Nemzeti Bajnokság II - 2.liga,BFC Siófok,Seniorzy,TAK,Dane wg sezonu 2024/25
HU-SEN-2,Węgry,HU,2,Nemzeti Bajnokság II - 2.liga,Kazincbarcika SC,Seniorzy,TAK,Dane wg sezonu 2024/25
HU-SEN-2,Węgry,HU,2,Nemzeti Bajnokság II - 2.liga,Csákvári TK,Seniorzy,TAK,Dane wg sezonu 2024/25
HU-SEN-2,Węgry,HU,2,Nemzeti Bajnokság II - 2.liga,Mezőkövesd Zsóry FC B,Seniorzy,TAK,Dane wg sezonu 2024/25
HU-SEN-2,Węgry,HU,2,Nemzeti Bajnokság II - 2.liga,Budafoki MTE,Seniorzy,TAK,Dane wg sezonu 2024/25
HU-SEN-2,Węgry,HU,2,Nemzeti Bajnokság II - 2.liga,Cigánd SE,Seniorzy,TAK,Dane wg sezonu 2024/25
HU-SEN-2,Węgry,HU,2,Nemzeti Bajnokság II - 2.liga,Szolnoki MÁV FC,Seniorzy,TAK,Dane wg sezonu 2024/25
HU-SEN-2,Węgry,HU,2,Nemzeti Bajnokság II - 2.liga,ETO FC Győr,Seniorzy,TAK,Dane wg sezonu 2024/25
HU-SEN-2,Węgry,HU,2,Nemzeti Bajnokság II - 2.liga,Szeged-Csanád Grosics Akadémia,Seniorzy,TAK,Dane wg sezonu 2024/25
HU-SEN-2,Węgry,HU,2,Nemzeti Bajnokság II - 2.liga,Mosonmagyaróvári TE FC,Seniorzy,TAK,Dane wg sezonu 2024/25
